,1,2,3,4,5,6,7,8,9,10,11,12
S1,1,1,1,1,1,1,1,1,1,1,1,1
S2,1,1,1,1,1,1,1,1,1,1,1,1
S3,1,1,1,1,1,1,1,1,1,1,1,1
S4,1,1,1,1,1,1,1,1,1,1,1,1
S5,1,1,1,1,1,1,1,1,1,1,1,1
S6,1,1,1,1,1,1,1,1,1,1,1,1
S7,2,1,1,1,1,1,1,2,2,1,1,1
S8,2,1,1,1,1,1,1,2,2,1,1,1
S9,2,1,1,1,1,1,1,2,2,1,1,1
S10,2,1,1,1,1,1,1,2,2,1,1,1
S11,2,1,1,1,1,1,1,2,2,1,1,1
S12,2,1,1,1,1,1,1,2,2,1,1,1
S13,2,1,1,1,1,1,1,2,2,1,1,1
S14,2,1,1,1,1,1,1,2,2,1,1,1
S15,2,1,1,1,1,1,1,2,2,1,1,1
S16,3,2,2,3,3,2,2,2,3,2,1,2
S17,3,2,2,3,3,2,2,2,3,2,1,2
S18,3,2,2,3,3,2,2,2,3,2,1,2
S19,3,2,2,3,3,2,2,2,3,2,1,2
S20,3,2,2,3,3,2,2,2,3,2,1,2
S21,3,2,2,3,3,2,2,2,3,2,1,2
S22,3,2,2,3,3,2,2,2,3,2,1,2
S23,4,2,2,2,2,2,2,2,2,3,1,3
S24,4,2,2,2,2,2,2,2,2,3,1,3
S25,4,2,2,2,2,2,2,2,2,3,1,3
S26,4,2,2,2,2,2,2,2,2,3,1,3
S27,4,2,2,2,2,2,2,2,2,3,1,3
S28,4,2,2,2,2,2,2,2,2,3,1,3
S29,4,2,2,2,2,2,2,2,2,3,1,3
S30,4,2,2,2,2,2,2,2,2,3,1,3
S31,4,2,2,2,2,2,2,2,2,3,1,3
S32,4,2,2,2,2,2,2,2,2,3,1,3
S33,4,2,2,2,2,2,2,2,2,3,1,3
S34,5,2,2,2,2,3,2,2,2,4,2,4
S35,5,2,2,2,2,3,2,2,2,4,2,4
S36,5,2,2,2,2,3,2,2,2,4,2,4
S37,5,2,2,2,2,3,2,2,2,4,2,4
S38,5,2,2,2,2,3,2,2,2,4,2,4
S39,6,2,2,2,2,2,2,2,2,1,1,1
S40,6,2,2,2,2,2,2,2,2,1,1,1
S41,6,2,2,2,2,2,2,2,2,1,1,1
S42,6,2,2,2,2,2,2,2,2,1,1,1
S43,6,2,2,2,2,2,2,2,2,1,1,1
S44,6,2,2,2,2,2,2,2,2,1,1,1
S45,7,2,2,2,2,3,2,2,2,3,1,3
S46,7,2,2,2,2,3,2,2,2,3,1,3
S47,7,2,2,2,2,3,2,2,2,3,1,3
S48,7,2,2,2,2,3,2,2,2,3,1,3
S49,7,2,2,2,2,3,2,2,2,3,1,3
S50,8,2,2,2,2,3,1,1,1,3,1,3
S51,8,2,2,2,2,3,1,1,1,3,1,3
S52,8,2,2,2,2,3,1,1,1,3,1,3
S53,8,2,2,2,2,3,1,1,1,3,1,3
S54,8,2,2,2,2,3,1,1,1,3,1,3
S55,8,2,2,2,2,3,1,1,1,3,1,3
S56,8,2,2,2,2,3,1,1,1,3,1,3
S57,8,2,2,2,2,3,1,1,1,3,1,3
S58,8,2,2,2,2,3,1,1,1,3,1,3
S59,8,2,2,2,2,3,1,1,1,3,1,3
S60,9,2,2,2,2,2,2,2,2,6,3,5
S61,9,2,2,2,2,2,2,2,2,6,3,5
S62,9,2,2,2,2,2,2,2,2,6,3,5
S63,9,2,2,2,2,2,2,2,2,6,3,5
S64,9,2,2,2,2,2,2,2,2,6,3,5
S65,10,2,2,2,2,3,1,1,1,3,1,3
S66,10,2,2,2,2,3,1,1,1,3,1,3
S67,10,2,2,2,2,3,1,1,1,3,1,3
S68,10,2,2,2,2,3,1,1,1,3,1,3
S69,10,2,2,2,2,3,1,1,1,3,1,3
S70,10,2,2,2,2,3,1,1,1,3,1,3
S71,11,2,2,2,2,4,1,1,1,6,4,3
S72,11,2,2,2,2,4,1,1,1,6,4,3
S73,11,2,2,2,2,4,1,1,1,6,4,3
S74,11,2,2,2,2,4,1,1,1,6,4,3
S75,12,2,2,2,2,3,2,2,2,8,1,3
S76,12,2,2,2,2,3,2,2,2,8,1,3
S77,12,2,2,2,2,3,2,2,2,8,1,3
S78,12,2,2,2,2,3,2,2,2,8,1,3
S79,13,2,2,2,2,4,2,2,2,9,1,3
S80,13,2,2,2,2,4,2,2,2,9,1,3
S81,13,2,2,2,2,4,2,2,2,9,1,3
S82,13,2,2,2,2,4,2,2,2,9,1,3
S83,13,2,2,2,2,4,2,2,2,9,1,3
S84,13,2,2,2,2,4,2,2,2,9,1,3
S85,13,2,2,2,2,4,2,2,2,9,1,3
S86,14,1,2,1,2,4,2,2,2,10,5,6
S87,14,1,2,1,2,4,2,2,2,10,5,6
S88,14,1,2,1,2,4,2,2,2,10,5,6
S89,14,1,2,1,2,4,2,2,2,10,5,6
S90,14,1,2,1,2,4,2,2,2,10,5,6
S91,14,1,2,1,2,4,2,2,2,10,5,6
S92,14,1,2,1,2,4,2,2,2,10,5,6
S93,15,1,1,1,1,1,1,1,1,11,6,7
S94,15,1,1,1,1,1,1,1,1,11,6,7
S95,15,1,1,1,1,1,1,1,1,11,6,7
S96,16,1,1,1,1,1,1,1,1,12,1,1
S97,16,1,1,1,1,1,1,1,1,12,1,1
S98,16,1,1,1,1,1,1,1,1,12,1,1
S99,16,1,1,1,1,1,1,1,1,12,1,1
S100,1,1,1,1,1,1,1,1,1,1,1,1
S101,1,1,1,1,1,1,1,1,1,1,1,1
S102,1,1,1,1,1,1,1,1,1,1,1,1
S103,1,1,1,1,1,1,1,1,1,1,1,1
S104,1,1,1,1,1,1,1,1,1,1,1,1
S105,1,1,1,1,1,1,1,1,1,1,1,1
S106,1,1,1,1,1,1,1,1,1,1,1,1
S107,1,1,1,1,1,1,1,1,1,1,1,1
S108,1,1,1,1,1,1,1,1,1,1,1,1
S109,1,1,1,1,1,1,1,1,1,1,1,1
S110,1,1,1,1,1,1,1,1,1,1,1,1
S111,1,1,1,1,1,1,1,1,1,1,1,1
S112,1,1,1,1,1,1,1,1,1,1,1,1
S113,1,1,1,1,1,1,1,1,1,1,1,1
S114,1,1,1,1,1,1,1,1,1,1,1,1
S115,1,1,1,1,1,1,1,1,1,1,1,1
S116,1,1,1,1,1,1,1,1,1,1,1,1
S117,1,1,1,1,1,1,1,1,1,1,1,1
S118,1,1,1,1,1,1,1,1,1,1,1,1
S119,1,1,1,1,1,1,1,1,1,1,1,1
S120,1,1,1,1,1,1,1,1,1,1,1,1
S121,1,1,1,1,1,1,1,1,1,1,1,1
S122,1,1,1,1,1,1,1,1,1,1,1,1
S123,1,1,1,1,1,1,1,1,1,1,1,1
S124,1,1,1,1,1,1,1,1,1,1,1,1
S125,1,1,1,1,1,1,1,1,1,1,1,1
S126,1,1,1,1,1,1,1,1,1,1,1,1
S127,1,1,1,1,1,1,1,1,1,1,1,1
S128,1,1,1,1,1,1,1,1,1,1,1,1
S129,1,1,1,1,1,1,1,1,1,1,1,1
S130,1,1,1,1,1,1,1,1,1,1,1,1
S131,1,1,1,1,1,1,1,1,1,1,1,1
S132,1,1,1,1,1,1,1,1,1,1,1,1
S133,1,1,1,1,1,1,1,1,1,1,1,1
S134,1,1,1,1,1,1,1,1,1,1,1,1
S135,1,1,1,1,1,1,1,1,1,1,1,1
S136,1,1,1,1,1,1,1,1,1,1,1,1
S137,1,1,1,1,1,1,1,1,1,1,1,1
S138,1,1,1,1,1,1,1,1,1,1,1,1
S139,1,1,1,1,1,1,1,1,1,1,1,1
S140,1,1,1,1,1,1,1,1,1,1,1,1
S141,1,1,1,1,1,1,1,1,1,1,1,1
S142,1,1,1,1,1,1,1,1,1,1,1,1
S143,1,1,1,1,1,1,1,1,1,1,1,1
S144,1,1,1,1,1,1,1,1,1,1,1,1
S145,1,1,1,1,1,1,1,1,1,1,1,1
S146,1,1,1,1,1,1,1,1,1,1,1,1
S147,1,1,1,1,1,1,1,1,1,1,1,1
S148,1,1,1,1,1,1,1,1,1,1,1,1
S149,1,1,1,1,1,1,1,1,1,1,1,1
S150,1,1,1,1,1,1,1,1,1,1,1,1
S151,1,1,1,1,1,1,1,1,1,1,1,1
S152,1,1,1,1,1,1,1,1,1,1,1,1
S153,1,1,1,1,1,1,1,1,1,1,1,1
S154,1,1,1,1,1,1,1,1,1,1,1,1
S155,1,1,1,1,1,1,1,1,1,1,1,1
S156,1,1,1,1,1,1,1,1,1,1,1,1
S157,1,1,1,1,1,1,1,1,1,1,1,1
S158,1,1,1,1,1,1,1,1,1,1,1,1
S159,1,1,1,1,1,1,1,1,1,1,1,1
S160,1,1,1,1,1,1,1,1,1,1,1,1
S161,1,1,1,1,1,1,1,1,1,1,1,1
S162,1,1,1,1,1,1,1,1,1,1,1,1
S163,1,1,1,1,1,1,1,1,1,1,1,1
S164,1,1,1,1,1,1,1,1,1,1,1,1
S165,2,1,1,1,1,1,1,2,2,1,1,1
S166,2,1,1,1,1,1,1,2,2,1,1,1
S167,2,1,1,1,1,1,1,2,2,1,1,1
S168,2,1,1,1,1,1,1,2,2,1,1,1
S169,2,1,1,1,1,1,1,2,2,1,1,1
S170,2,1,1,1,1,1,1,2,2,1,1,1
S171,2,1,1,1,1,1,1,2,2,1,1,1
S172,2,1,1,1,1,1,1,2,2,1,1,1
S173,2,1,1,1,1,1,1,2,2,1,1,1
S174,2,1,1,1,1,1,1,2,2,1,1,1
S175,2,1,1,1,1,1,1,2,2,1,1,1
S176,2,1,1,1,1,1,1,2,2,1,1,1
S177,2,1,1,1,1,1,1,2,2,1,1,1
S178,2,1,1,1,1,1,1,2,2,1,1,1
S179,2,1,1,1,1,1,1,2,2,1,1,1
S180,2,1,1,1,1,1,1,2,2,1,1,1
S181,2,1,1,1,1,1,1,2,2,1,1,1
S182,2,1,1,1,1,1,1,2,2,1,1,1
S183,2,1,1,1,1,1,1,2,2,1,1,1
S184,2,1,1,1,1,1,1,2,2,1,1,1
S185,2,1,1,1,1,1,1,2,2,1,1,1
S186,2,1,1,1,1,1,1,2,2,1,1,1
S187,2,1,1,1,1,1,1,2,2,1,1,1
S188,2,1,1,1,1,1,1,2,2,1,1,1
S189,2,1,1,1,1,1,1,2,2,1,1,1
S190,2,1,1,1,1,1,1,2,2,1,1,1
S191,2,1,1,1,1,1,1,2,2,1,1,1
S192,2,1,1,1,1,1,1,2,2,1,1,1
S193,2,1,1,1,1,1,1,2,2,1,1,1
S194,2,1,1,1,1,1,1,2,2,1,1,1
S195,2,1,1,1,1,1,1,2,2,1,1,1
S196,2,1,1,1,1,1,1,2,2,1,1,1
S197,2,1,1,1,1,1,1,2,2,1,1,1
S198,2,1,1,1,1,1,1,2,2,1,1,1
S199,2,1,1,1,1,1,1,2,2,1,1,1
S200,2,1,1,1,1,1,1,2,2,1,1,1
S201,2,1,1,1,1,1,1,2,2,1,1,1
S202,2,1,1,1,1,1,1,2,2,1,1,1
S203,2,1,1,1,1,1,1,2,2,1,1,1
S204,2,1,1,1,1,1,1,2,2,1,1,1
S205,2,1,1,1,1,1,1,2,2,1,1,1
S206,2,1,1,1,1,1,1,2,2,1,1,1
S207,2,1,1,1,1,1,1,2,2,1,1,1
S208,2,1,1,1,1,1,1,2,2,1,1,1
S209,2,1,1,1,1,1,1,2,2,1,1,1
S210,2,1,1,1,1,1,1,2,2,1,1,1
S211,2,1,1,1,1,1,1,2,2,1,1,1
S212,2,1,1,1,1,1,1,2,2,1,1,1
S213,2,1,1,1,1,1,1,2,2,1,1,1
S214,2,1,1,1,1,1,1,2,2,1,1,1
S215,2,1,1,1,1,1,1,2,2,1,1,1
S216,2,1,1,1,1,1,1,2,2,1,1,1
S217,2,1,1,1,1,1,1,2,2,1,1,1
S218,2,1,1,1,1,1,1,2,2,1,1,1
S219,2,1,1,1,1,1,1,2,2,1,1,1
S220,2,1,1,1,1,1,1,2,2,1,1,1
S221,2,1,1,1,1,1,1,2,2,1,1,1
S222,2,1,1,1,1,1,1,2,2,1,1,1
S223,2,1,1,1,1,1,1,2,2,1,1,1
S224,2,1,1,1,1,1,1,2,2,1,1,1
S225,2,1,1,1,1,1,1,2,2,1,1,1
S226,2,1,1,1,1,1,1,2,2,1,1,1
S227,2,1,1,1,1,1,1,2,2,1,1,1
S228,2,1,1,1,1,1,1,2,2,1,1,1
S229,2,1,1,1,1,1,1,2,2,1,1,1
S230,2,1,1,1,1,1,1,2,2,1,1,1
S231,2,1,1,1,1,1,1,2,2,1,1,1
S232,2,1,1,1,1,1,1,2,2,1,1,1
S233,2,1,1,1,1,1,1,2,2,1,1,1
S234,2,1,1,1,1,1,1,2,2,1,1,1
S235,2,1,1,1,1,1,1,2,2,1,1,1
S236,2,1,1,1,1,1,1,2,2,1,1,1
S237,2,1,1,1,1,1,1,2,2,1,1,1
S238,2,1,1,1,1,1,1,2,2,1,1,1
S239,2,1,1,1,1,1,1,2,2,1,1,1
S240,2,1,1,1,1,1,1,2,2,1,1,1
S241,2,1,1,1,1,1,1,2,2,1,1,1
S242,2,1,1,1,1,1,1,2,2,1,1,1
S243,2,1,1,1,1,1,1,2,2,1,1,1
S244,2,1,1,1,1,1,1,2,2,1,1,1
S245,2,1,1,1,1,1,1,2,2,1,1,1
S246,2,1,1,1,1,1,1,2,2,1,1,1
S247,2,1,1,1,1,1,1,2,2,1,1,1
S248,2,1,1,1,1,1,1,2,2,1,1,1
S249,2,1,1,1,1,1,1,2,2,1,1,1
S250,2,1,1,1,1,1,1,2,2,1,1,1
S251,2,1,1,1,1,1,1,2,2,1,1,1
S252,2,1,1,1,1,1,1,2,2,1,1,1
S253,2,1,1,1,1,1,1,2,2,1,1,1
S254,2,1,1,1,1,1,1,2,2,1,1,1
S255,2,1,1,1,1,1,1,2,2,1,1,1
S256,2,1,1,1,1,1,1,2,2,1,1,1
S257,2,1,1,1,1,1,1,2,2,1,1,1
S258,2,1,1,1,1,1,1,2,2,1,1,1
S259,2,1,1,1,1,1,1,2,2,1,1,1
S260,2,1,1,1,1,1,1,2,2,1,1,1
S261,2,1,1,1,1,1,1,2,2,1,1,1
S262,3,2,2,3,3,2,2,2,3,2,1,2
S263,3,2,2,3,3,2,2,2,3,2,1,2
S264,3,2,2,3,3,2,2,2,3,2,1,2
S265,3,2,2,3,3,2,2,2,3,2,1,2
S266,3,2,2,3,3,2,2,2,3,2,1,2
S267,3,2,2,3,3,2,2,2,3,2,1,2
S268,3,2,2,3,3,2,2,2,3,2,1,2
S269,3,2,2,3,3,2,2,2,3,2,1,2
S270,3,2,2,3,3,2,2,2,3,2,1,2
S271,3,2,2,3,3,2,2,2,3,2,1,2
S272,3,2,2,3,3,2,2,2,3,2,1,2
S273,3,2,2,3,3,2,2,2,3,2,1,2
S274,3,2,2,3,3,2,2,2,3,2,1,2
S275,3,2,2,3,3,2,2,2,3,2,1,2
S276,3,2,2,3,3,2,2,2,3,2,1,2
S277,3,2,2,3,3,2,2,2,3,2,1,2
S278,3,2,2,3,3,2,2,2,3,2,1,2
S279,3,2,2,3,3,2,2,2,3,2,1,2
S280,3,2,2,3,3,2,2,2,3,2,1,2
S281,3,2,2,3,3,2,2,2,3,2,1,2
S282,3,2,2,3,3,2,2,2,3,2,1,2
S283,3,2,2,3,3,2,2,2,3,2,1,2
S284,3,2,2,3,3,2,2,2,3,2,1,2
S285,3,2,2,3,3,2,2,2,3,2,1,2
S286,3,2,2,3,3,2,2,2,3,2,1,2
S287,3,2,2,3,3,2,2,2,3,2,1,2
S288,3,2,2,3,3,2,2,2,3,2,1,2
S289,3,2,2,3,3,2,2,2,3,2,1,2
S290,3,2,2,3,3,2,2,2,3,2,1,2
S291,3,2,2,3,3,2,2,2,3,2,1,2
S292,3,2,2,3,3,2,2,2,3,2,1,2
S293,3,2,2,3,3,2,2,2,3,2,1,2
S294,3,2,2,3,3,2,2,2,3,2,1,2
S295,3,2,2,3,3,2,2,2,3,2,1,2
S296,3,2,2,3,3,2,2,2,3,2,1,2
S297,3,2,2,3,3,2,2,2,3,2,1,2
S298,3,2,2,3,3,2,2,2,3,2,1,2
S299,3,2,2,3,3,2,2,2,3,2,1,2
S300,3,2,2,3,3,2,2,2,3,2,1,2
S301,3,2,2,3,3,2,2,2,3,2,1,2
S302,3,2,2,3,3,2,2,2,3,2,1,2
S303,3,2,2,3,3,2,2,2,3,2,1,2
S304,3,2,2,3,3,2,2,2,3,2,1,2
S305,3,2,2,3,3,2,2,2,3,2,1,2
S306,3,2,2,3,3,2,2,2,3,2,1,2
S307,3,2,2,3,3,2,2,2,3,2,1,2
S308,3,2,2,3,3,2,2,2,3,2,1,2
S309,3,2,2,3,3,2,2,2,3,2,1,2
S310,3,2,2,3,3,2,2,2,3,2,1,2
S311,3,2,2,3,3,2,2,2,3,2,1,2
S312,3,2,2,3,3,2,2,2,3,2,1,2
S313,3,2,2,3,3,2,2,2,3,2,1,2
S314,3,2,2,3,3,2,2,2,3,2,1,2
S315,3,2,2,3,3,2,2,2,3,2,1,2
S316,3,2,2,3,3,2,2,2,3,2,1,2
S317,3,2,2,3,3,2,2,2,3,2,1,2
S318,3,2,2,3,3,2,2,2,3,2,1,2
S319,3,2,2,3,3,2,2,2,3,2,1,2
S320,3,2,2,3,3,2,2,2,3,2,1,2
S321,3,2,2,3,3,2,2,2,3,2,1,2
S322,3,2,2,3,3,2,2,2,3,2,1,2
S323,3,2,2,3,3,2,2,2,3,2,1,2
S324,3,2,2,3,3,2,2,2,3,2,1,2
S325,3,2,2,3,3,2,2,2,3,2,1,2
S326,3,2,2,3,3,2,2,2,3,2,1,2
S327,3,2,2,3,3,2,2,2,3,2,1,2
S328,3,2,2,3,3,2,2,2,3,2,1,2
S329,3,2,2,3,3,2,2,2,3,2,1,2
S330,3,2,2,3,3,2,2,2,3,2,1,2
S331,3,2,2,3,3,2,2,2,3,2,1,2
S332,3,2,2,3,3,2,2,2,3,2,1,2
S333,3,2,2,3,3,2,2,2,3,2,1,2
S334,3,2,2,3,3,2,2,2,3,2,1,2
S335,3,2,2,3,3,2,2,2,3,2,1,2
S336,3,2,2,3,3,2,2,2,3,2,1,2
S337,3,2,2,3,3,2,2,2,3,2,1,2
S338,4,2,2,2,2,2,2,2,2,3,1,3
S339,4,2,2,2,2,2,2,2,2,3,1,3
S340,4,2,2,2,2,2,2,2,2,3,1,3
S341,4,2,2,2,2,2,2,2,2,3,1,3
S342,4,2,2,2,2,2,2,2,2,3,1,3
S343,4,2,2,2,2,2,2,2,2,3,1,3
S344,4,2,2,2,2,2,2,2,2,3,1,3
S345,4,2,2,2,2,2,2,2,2,3,1,3
S346,4,2,2,2,2,2,2,2,2,3,1,3
S347,4,2,2,2,2,2,2,2,2,3,1,3
S348,4,2,2,2,2,2,2,2,2,3,1,3
S349,4,2,2,2,2,2,2,2,2,3,1,3
S350,4,2,2,2,2,2,2,2,2,3,1,3
S351,4,2,2,2,2,2,2,2,2,3,1,3
S352,4,2,2,2,2,2,2,2,2,3,1,3
S353,4,2,2,2,2,2,2,2,2,3,1,3
S354,4,2,2,2,2,2,2,2,2,3,1,3
S355,4,2,2,2,2,2,2,2,2,3,1,3
S356,4,2,2,2,2,2,2,2,2,3,1,3
S357,4,2,2,2,2,2,2,2,2,3,1,3
S358,4,2,2,2,2,2,2,2,2,3,1,3
S359,4,2,2,2,2,2,2,2,2,3,1,3
S360,4,2,2,2,2,2,2,2,2,3,1,3
S361,4,2,2,2,2,2,2,2,2,3,1,3
S362,4,2,2,2,2,2,2,2,2,3,1,3
S363,4,2,2,2,2,2,2,2,2,3,1,3
S364,4,2,2,2,2,2,2,2,2,3,1,3
S365,4,2,2,2,2,2,2,2,2,3,1,3
S366,4,2,2,2,2,2,2,2,2,3,1,3
S367,4,2,2,2,2,2,2,2,2,3,1,3
S368,4,2,2,2,2,2,2,2,2,3,1,3
S369,4,2,2,2,2,2,2,2,2,3,1,3
S370,4,2,2,2,2,2,2,2,2,3,1,3
S371,4,2,2,2,2,2,2,2,2,3,1,3
S372,4,2,2,2,2,2,2,2,2,3,1,3
S373,4,2,2,2,2,2,2,2,2,3,1,3
S374,4,2,2,2,2,2,2,2,2,3,1,3
S375,4,2,2,2,2,2,2,2,2,3,1,3
S376,4,2,2,2,2,2,2,2,2,3,1,3
S377,4,2,2,2,2,2,2,2,2,3,1,3
S378,4,2,2,2,2,2,2,2,2,3,1,3
S379,4,2,2,2,2,2,2,2,2,3,1,3
S380,4,2,2,2,2,2,2,2,2,3,1,3
S381,4,2,2,2,2,2,2,2,2,3,1,3
S382,4,2,2,2,2,2,2,2,2,3,1,3
S383,4,2,2,2,2,2,2,2,2,3,1,3
S384,4,2,2,2,2,2,2,2,2,3,1,3
S385,4,2,2,2,2,2,2,2,2,3,1,3
S386,4,2,2,2,2,2,2,2,2,3,1,3
S387,4,2,2,2,2,2,2,2,2,3,1,3
S388,4,2,2,2,2,2,2,2,2,3,1,3
S389,4,2,2,2,2,2,2,2,2,3,1,3
S390,4,2,2,2,2,2,2,2,2,3,1,3
S391,4,2,2,2,2,2,2,2,2,3,1,3
S392,4,2,2,2,2,2,2,2,2,3,1,3
S393,4,2,2,2,2,2,2,2,2,3,1,3
S394,4,2,2,2,2,2,2,2,2,3,1,3
S395,4,2,2,2,2,2,2,2,2,3,1,3
S396,4,2,2,2,2,2,2,2,2,3,1,3
S397,4,2,2,2,2,2,2,2,2,3,1,3
S398,4,2,2,2,2,2,2,2,2,3,1,3
S399,4,2,2,2,2,2,2,2,2,3,1,3
S400,4,2,2,2,2,2,2,2,2,3,1,3
S401,4,2,2,2,2,2,2,2,2,3,1,3
S402,4,2,2,2,2,2,2,2,2,3,1,3
S403,4,2,2,2,2,2,2,2,2,3,1,3
S404,4,2,2,2,2,2,2,2,2,3,1,3
S405,4,2,2,2,2,2,2,2,2,3,1,3
S406,4,2,2,2,2,2,2,2,2,3,1,3
S407,4,2,2,2,2,2,2,2,2,3,1,3
S408,4,2,2,2,2,2,2,2,2,3,1,3
S409,4,2,2,2,2,2,2,2,2,3,1,3
S410,4,2,2,2,2,2,2,2,2,3,1,3
S411,4,2,2,2,2,2,2,2,2,3,1,3
S412,4,2,2,2,2,2,2,2,2,3,1,3
S413,4,2,2,2,2,2,2,2,2,3,1,3
S414,4,2,2,2,2,2,2,2,2,3,1,3
S415,4,2,2,2,2,2,2,2,2,3,1,3
S416,4,2,2,2,2,2,2,2,2,3,1,3
S417,4,2,2,2,2,2,2,2,2,3,1,3
S418,4,2,2,2,2,2,2,2,2,3,1,3
S419,4,2,2,2,2,2,2,2,2,3,1,3
S420,4,2,2,2,2,2,2,2,2,3,1,3
S421,4,2,2,2,2,2,2,2,2,3,1,3
S422,4,2,2,2,2,2,2,2,2,3,1,3
S423,4,2,2,2,2,2,2,2,2,3,1,3
S424,4,2,2,2,2,2,2,2,2,3,1,3
S425,4,2,2,2,2,2,2,2,2,3,1,3
S426,4,2,2,2,2,2,2,2,2,3,1,3
S427,4,2,2,2,2,2,2,2,2,3,1,3
S428,4,2,2,2,2,2,2,2,2,3,1,3
S429,5,2,2,2,2,3,2,2,2,4,2,4
S430,5,2,2,2,2,3,2,2,2,4,2,4
S431,5,2,2,2,2,3,2,2,2,4,2,4
S432,5,2,2,2,2,3,2,2,2,4,2,4
S433,5,2,2,2,2,3,2,2,2,4,2,4
S434,5,2,2,2,2,3,2,2,2,4,2,4
S435,5,2,2,2,2,3,2,2,2,4,2,4
S436,5,2,2,2,2,3,2,2,2,4,2,4
S437,5,2,2,2,2,3,2,2,2,4,2,4
S438,5,2,2,2,2,3,2,2,2,4,2,4
S439,5,2,2,2,2,3,2,2,2,4,2,4
S440,5,2,2,2,2,3,2,2,2,4,2,4
S441,5,2,2,2,2,3,2,2,2,4,2,4
S442,5,2,2,2,2,3,2,2,2,4,2,4
S443,5,2,2,2,2,3,2,2,2,4,2,4
S444,5,2,2,2,2,3,2,2,2,4,2,4
S445,5,2,2,2,2,3,2,2,2,4,2,4
S446,5,2,2,2,2,3,2,2,2,4,2,4
S447,5,2,2,2,2,3,2,2,2,4,2,4
S448,5,2,2,2,2,3,2,2,2,4,2,4
S449,5,2,2,2,2,3,2,2,2,4,2,4
S450,5,2,2,2,2,3,2,2,2,4,2,4
S451,5,2,2,2,2,3,2,2,2,4,2,4
S452,5,2,2,2,2,3,2,2,2,4,2,4
S453,5,2,2,2,2,3,2,2,2,4,2,4
S454,5,2,2,2,2,3,2,2,2,4,2,4
S455,5,2,2,2,2,3,2,2,2,4,2,4
S456,5,2,2,2,2,3,2,2,2,4,2,4
S457,5,2,2,2,2,3,2,2,2,4,2,4
S458,5,2,2,2,2,3,2,2,2,4,2,4
S459,5,2,2,2,2,3,2,2,2,4,2,4
S460,5,2,2,2,2,3,2,2,2,4,2,4
S461,5,2,2,2,2,3,2,2,2,4,2,4
S462,5,2,2,2,2,3,2,2,2,4,2,4
S463,5,2,2,2,2,3,2,2,2,4,2,4
S464,5,2,2,2,2,3,2,2,2,4,2,4
S465,5,2,2,2,2,3,2,2,2,4,2,4
S466,5,2,2,2,2,3,2,2,2,4,2,4
S467,5,2,2,2,2,3,2,2,2,4,2,4
S468,5,2,2,2,2,3,2,2,2,4,2,4
S469,5,2,2,2,2,3,2,2,2,4,2,4
S470,5,2,2,2,2,3,2,2,2,4,2,4
S471,5,2,2,2,2,3,2,2,2,4,2,4
S472,5,2,2,2,2,3,2,2,2,4,2,4
S473,5,2,2,2,2,3,2,2,2,4,2,4
S474,5,2,2,2,2,3,2,2,2,4,2,4
S475,5,2,2,2,2,3,2,2,2,4,2,4
S476,5,2,2,2,2,3,2,2,2,4,2,4
S477,5,2,2,2,2,3,2,2,2,4,2,4
S478,5,2,2,2,2,3,2,2,2,4,2,4
S479,5,2,2,2,2,3,2,2,2,4,2,4
S480,5,2,2,2,2,3,2,2,2,4,2,4
S481,5,2,2,2,2,3,2,2,2,4,2,4
S482,6,2,2,2,2,2,2,2,2,1,1,1
S483,6,2,2,2,2,2,2,2,2,1,1,1
S484,6,2,2,2,2,2,2,2,2,1,1,1
S485,6,2,2,2,2,2,2,2,2,1,1,1
S486,6,2,2,2,2,2,2,2,2,1,1,1
S487,6,2,2,2,2,2,2,2,2,1,1,1
S488,6,2,2,2,2,2,2,2,2,1,1,1
S489,6,2,2,2,2,2,2,2,2,1,1,1
S490,6,2,2,2,2,2,2,2,2,1,1,1
S491,6,2,2,2,2,2,2,2,2,1,1,1
S492,6,2,2,2,2,2,2,2,2,1,1,1
S493,6,2,2,2,2,2,2,2,2,1,1,1
S494,6,2,2,2,2,2,2,2,2,1,1,1
S495,6,2,2,2,2,2,2,2,2,1,1,1
S496,6,2,2,2,2,2,2,2,2,1,1,1
S497,6,2,2,2,2,2,2,2,2,1,1,1
S498,6,2,2,2,2,2,2,2,2,1,1,1
S499,6,2,2,2,2,2,2,2,2,1,1,1
S500,6,2,2,2,2,2,2,2,2,1,1,1
S501,6,2,2,2,2,2,2,2,2,1,1,1
S502,6,2,2,2,2,2,2,2,2,1,1,1
S503,6,2,2,2,2,2,2,2,2,1,1,1
S504,6,2,2,2,2,2,2,2,2,1,1,1
S505,6,2,2,2,2,2,2,2,2,1,1,1
S506,6,2,2,2,2,2,2,2,2,1,1,1
S507,6,2,2,2,2,2,2,2,2,1,1,1
S508,6,2,2,2,2,2,2,2,2,1,1,1
S509,6,2,2,2,2,2,2,2,2,1,1,1
S510,6,2,2,2,2,2,2,2,2,1,1,1
S511,6,2,2,2,2,2,2,2,2,1,1,1
S512,6,2,2,2,2,2,2,2,2,1,1,1
S513,6,2,2,2,2,2,2,2,2,1,1,1
S514,6,2,2,2,2,2,2,2,2,1,1,1
S515,6,2,2,2,2,2,2,2,2,1,1,1
S516,6,2,2,2,2,2,2,2,2,1,1,1
S517,6,2,2,2,2,2,2,2,2,1,1,1
S518,6,2,2,2,2,2,2,2,2,1,1,1
S519,6,2,2,2,2,2,2,2,2,1,1,1
S520,6,2,2,2,2,2,2,2,2,1,1,1
S521,6,2,2,2,2,2,2,2,2,1,1,1
S522,6,2,2,2,2,2,2,2,2,1,1,1
S523,7,2,2,2,2,3,2,2,2,3,1,3
S524,7,2,2,2,2,3,2,2,2,3,1,3
S525,7,2,2,2,2,3,2,2,2,3,1,3
S526,7,2,2,2,2,3,2,2,2,3,1,3
S527,7,2,2,2,2,3,2,2,2,3,1,3
S528,7,2,2,2,2,3,2,2,2,3,1,3
S529,7,2,2,2,2,3,2,2,2,3,1,3
S530,7,2,2,2,2,3,2,2,2,3,1,3
S531,7,2,2,2,2,3,2,2,2,3,1,3
S532,7,2,2,2,2,3,2,2,2,3,1,3
S533,7,2,2,2,2,3,2,2,2,3,1,3
S534,7,2,2,2,2,3,2,2,2,3,1,3
S535,7,2,2,2,2,3,2,2,2,3,1,3
S536,7,2,2,2,2,3,2,2,2,3,1,3
S537,7,2,2,2,2,3,2,2,2,3,1,3
S538,7,2,2,2,2,3,2,2,2,3,1,3
S539,7,2,2,2,2,3,2,2,2,3,1,3
S540,7,2,2,2,2,3,2,2,2,3,1,3
S541,7,2,2,2,2,3,2,2,2,3,1,3
S542,7,2,2,2,2,3,2,2,2,3,1,3
S543,7,2,2,2,2,3,2,2,2,3,1,3
S544,7,2,2,2,2,3,2,2,2,3,1,3
S545,7,2,2,2,2,3,2,2,2,3,1,3
S546,7,2,2,2,2,3,2,2,2,3,1,3
S547,7,2,2,2,2,3,2,2,2,3,1,3
S548,7,2,2,2,2,3,2,2,2,3,1,3
S549,7,2,2,2,2,3,2,2,2,3,1,3
S550,7,2,2,2,2,3,2,2,2,3,1,3
S551,7,2,2,2,2,3,2,2,2,3,1,3
S552,7,2,2,2,2,3,2,2,2,3,1,3
S553,8,2,2,2,2,3,1,1,1,3,1,3
S554,8,2,2,2,2,3,1,1,1,3,1,3
S555,8,2,2,2,2,3,1,1,1,3,1,3
S556,8,2,2,2,2,3,1,1,1,3,1,3
S557,8,2,2,2,2,3,1,1,1,3,1,3
S558,8,2,2,2,2,3,1,1,1,3,1,3
S559,8,2,2,2,2,3,1,1,1,3,1,3
S560,8,2,2,2,2,3,1,1,1,3,1,3
S561,8,2,2,2,2,3,1,1,1,3,1,3
S562,8,2,2,2,2,3,1,1,1,3,1,3
S563,8,2,2,2,2,3,1,1,1,3,1,3
S564,8,2,2,2,2,3,1,1,1,3,1,3
S565,8,2,2,2,2,3,1,1,1,3,1,3
S566,8,2,2,2,2,3,1,1,1,3,1,3
S567,8,2,2,2,2,3,1,1,1,3,1,3
S568,8,2,2,2,2,3,1,1,1,3,1,3
S569,8,2,2,2,2,3,1,1,1,3,1,3
S570,8,2,2,2,2,3,1,1,1,3,1,3
S571,8,2,2,2,2,3,1,1,1,3,1,3
S572,8,2,2,2,2,3,1,1,1,3,1,3
S573,8,2,2,2,2,3,1,1,1,3,1,3
S574,8,2,2,2,2,3,1,1,1,3,1,3
S575,8,2,2,2,2,3,1,1,1,3,1,3
S576,8,2,2,2,2,3,1,1,1,3,1,3
S577,8,2,2,2,2,3,1,1,1,3,1,3
S578,8,2,2,2,2,3,1,1,1,3,1,3
S579,8,2,2,2,2,3,1,1,1,3,1,3
S580,8,2,2,2,2,3,1,1,1,3,1,3
S581,8,2,2,2,2,3,1,1,1,3,1,3
S582,8,2,2,2,2,3,1,1,1,3,1,3
S583,8,2,2,2,2,3,1,1,1,3,1,3
S584,8,2,2,2,2,3,1,1,1,3,1,3
S585,8,2,2,2,2,3,1,1,1,3,1,3
S586,8,2,2,2,2,3,1,1,1,3,1,3
S587,8,2,2,2,2,3,1,1,1,3,1,3
S588,8,2,2,2,2,3,1,1,1,3,1,3
S589,8,2,2,2,2,3,1,1,1,3,1,3
S590,8,2,2,2,2,3,1,1,1,3,1,3
S591,8,2,2,2,2,3,1,1,1,3,1,3
S592,8,2,2,2,2,3,1,1,1,3,1,3
S593,8,2,2,2,2,3,1,1,1,3,1,3
S594,8,2,2,2,2,3,1,1,1,3,1,3
S595,8,2,2,2,2,3,1,1,1,3,1,3
S596,8,2,2,2,2,3,1,1,1,3,1,3
S597,8,2,2,2,2,3,1,1,1,3,1,3
S598,8,2,2,2,2,3,1,1,1,3,1,3
S599,8,2,2,2,2,3,1,1,1,3,1,3
S600,8,2,2,2,2,3,1,1,1,3,1,3
S601,8,2,2,2,2,3,1,1,1,3,1,3
S602,8,2,2,2,2,3,1,1,1,3,1,3
S603,8,2,2,2,2,3,1,1,1,3,1,3
S604,8,2,2,2,2,3,1,1,1,3,1,3
S605,8,2,2,2,2,3,1,1,1,3,1,3
S606,8,2,2,2,2,3,1,1,1,3,1,3
S607,8,2,2,2,2,3,1,1,1,3,1,3
S608,8,2,2,2,2,3,1,1,1,3,1,3
S609,8,2,2,2,2,3,1,1,1,3,1,3
S610,8,2,2,2,2,3,1,1,1,3,1,3
S611,8,2,2,2,2,3,1,1,1,3,1,3
S612,8,2,2,2,2,3,1,1,1,3,1,3
S613,8,2,2,2,2,3,1,1,1,3,1,3
S614,8,2,2,2,2,3,1,1,1,3,1,3
S615,8,2,2,2,2,3,1,1,1,3,1,3
S616,8,2,2,2,2,3,1,1,1,3,1,3
S617,8,2,2,2,2,3,1,1,1,3,1,3
S618,8,2,2,2,2,3,1,1,1,3,1,3
S619,8,2,2,2,2,3,1,1,1,3,1,3
S620,8,2,2,2,2,3,1,1,1,3,1,3
S621,8,2,2,2,2,3,1,1,1,3,1,3
S622,8,2,2,2,2,3,1,1,1,3,1,3
S623,8,2,2,2,2,3,1,1,1,3,1,3
S624,8,2,2,2,2,3,1,1,1,3,1,3
S625,8,2,2,2,2,3,1,1,1,3,1,3
S626,8,2,2,2,2,3,1,1,1,3,1,3
S627,8,2,2,2,2,3,1,1,1,3,1,3
S628,8,2,2,2,2,3,1,1,1,3,1,3
S629,8,2,2,2,2,3,1,1,1,3,1,3
S630,8,2,2,2,2,3,1,1,1,3,1,3
S631,8,2,2,2,2,3,1,1,1,3,1,3
S632,8,2,2,2,2,3,1,1,1,3,1,3
S633,8,2,2,2,2,3,1,1,1,3,1,3
S634,8,2,2,2,2,3,1,1,1,3,1,3
S635,8,2,2,2,2,3,1,1,1,3,1,3
S636,8,2,2,2,2,3,1,1,1,3,1,3
S637,8,2,2,2,2,3,1,1,1,3,1,3
S638,8,2,2,2,2,3,1,1,1,3,1,3
S639,8,2,2,2,2,3,1,1,1,3,1,3
S640,8,2,2,2,2,3,1,1,1,3,1,3
S641,8,2,2,2,2,3,1,1,1,3,1,3
S642,8,2,2,2,2,3,1,1,1,3,1,3
S643,8,2,2,2,2,3,1,1,1,3,1,3
S644,8,2,2,2,2,3,1,1,1,3,1,3
S645,8,2,2,2,2,3,1,1,1,3,1,3
S646,8,2,2,2,2,3,1,1,1,3,1,3
S647,8,2,2,2,2,3,1,1,1,3,1,3
S648,8,2,2,2,2,3,1,1,1,3,1,3
S649,8,2,2,2,2,3,1,1,1,3,1,3
S650,8,2,2,2,2,3,1,1,1,3,1,3
S651,8,2,2,2,2,3,1,1,1,3,1,3
S652,8,2,2,2,2,3,1,1,1,3,1,3
S653,8,2,2,2,2,3,1,1,1,3,1,3
S654,8,2,2,2,2,3,1,1,1,3,1,3
S655,8,2,2,2,2,3,1,1,1,3,1,3
S656,8,2,2,2,2,3,1,1,1,3,1,3
S657,8,2,2,2,2,3,1,1,1,3,1,3
S658,8,2,2,2,2,3,1,1,1,3,1,3
S659,8,2,2,2,2,3,1,1,1,3,1,3
S660,8,2,2,2,2,3,1,1,1,3,1,3
S661,8,2,2,2,2,3,1,1,1,3,1,3
S662,8,2,2,2,2,3,1,1,1,3,1,3
S663,8,2,2,2,2,3,1,1,1,3,1,3
S664,8,2,2,2,2,3,1,1,1,3,1,3
S665,8,2,2,2,2,3,1,1,1,3,1,3
S666,8,2,2,2,2,3,1,1,1,3,1,3
S667,8,2,2,2,2,3,1,1,1,3,1,3
S668,9,2,2,2,2,2,2,2,2,6,3,5
S669,9,2,2,2,2,2,2,2,2,6,3,5
S670,9,2,2,2,2,2,2,2,2,6,3,5
S671,9,2,2,2,2,2,2,2,2,6,3,5
S672,9,2,2,2,2,2,2,2,2,6,3,5
S673,9,2,2,2,2,2,2,2,2,6,3,5
S674,9,2,2,2,2,2,2,2,2,6,3,5
S675,9,2,2,2,2,2,2,2,2,6,3,5
S676,9,2,2,2,2,2,2,2,2,6,3,5
S677,9,2,2,2,2,2,2,2,2,6,3,5
S678,9,2,2,2,2,2,2,2,2,6,3,5
S679,9,2,2,2,2,2,2,2,2,6,3,5
S680,9,2,2,2,2,2,2,2,2,6,3,5
S681,9,2,2,2,2,2,2,2,2,6,3,5
S682,9,2,2,2,2,2,2,2,2,6,3,5
S683,9,2,2,2,2,2,2,2,2,6,3,5
S684,9,2,2,2,2,2,2,2,2,6,3,5
S685,9,2,2,2,2,2,2,2,2,6,3,5
S686,9,2,2,2,2,2,2,2,2,6,3,5
S687,9,2,2,2,2,2,2,2,2,6,3,5
S688,9,2,2,2,2,2,2,2,2,6,3,5
S689,9,2,2,2,2,2,2,2,2,6,3,5
S690,9,2,2,2,2,2,2,2,2,6,3,5
S691,9,2,2,2,2,2,2,2,2,6,3,5
S692,9,2,2,2,2,2,2,2,2,6,3,5
S693,9,2,2,2,2,2,2,2,2,6,3,5
S694,9,2,2,2,2,2,2,2,2,6,3,5
S695,9,2,2,2,2,2,2,2,2,6,3,5
S696,9,2,2,2,2,2,2,2,2,6,3,5
S697,9,2,2,2,2,2,2,2,2,6,3,5
S698,9,2,2,2,2,2,2,2,2,6,3,5
S699,9,2,2,2,2,2,2,2,2,6,3,5
S700,9,2,2,2,2,2,2,2,2,6,3,5
S701,9,2,2,2,2,2,2,2,2,6,3,5
S702,9,2,2,2,2,2,2,2,2,6,3,5
S703,9,2,2,2,2,2,2,2,2,6,3,5
S704,9,2,2,2,2,2,2,2,2,6,3,5
S705,9,2,2,2,2,2,2,2,2,6,3,5
S706,9,2,2,2,2,2,2,2,2,6,3,5
S707,9,2,2,2,2,2,2,2,2,6,3,5
S708,9,2,2,2,2,2,2,2,2,6,3,5
S709,9,2,2,2,2,2,2,2,2,6,3,5
S710,9,2,2,2,2,2,2,2,2,6,3,5
S711,9,2,2,2,2,2,2,2,2,6,3,5
S712,9,2,2,2,2,2,2,2,2,6,3,5
S713,9,2,2,2,2,2,2,2,2,6,3,5
S714,9,2,2,2,2,2,2,2,2,6,3,5
S715,9,2,2,2,2,2,2,2,2,6,3,5
S716,9,2,2,2,2,2,2,2,2,6,3,5
S717,9,2,2,2,2,2,2,2,2,6,3,5
S718,9,2,2,2,2,2,2,2,2,6,3,5
S719,9,2,2,2,2,2,2,2,2,6,3,5
S720,9,2,2,2,2,2,2,2,2,6,3,5
S721,9,2,2,2,2,2,2,2,2,6,3,5
S722,9,2,2,2,2,2,2,2,2,6,3,5
S723,9,2,2,2,2,2,2,2,2,6,3,5
S724,9,2,2,2,2,2,2,2,2,6,3,5
S725,9,2,2,2,2,2,2,2,2,6,3,5
S726,9,2,2,2,2,2,2,2,2,6,3,5
S727,9,2,2,2,2,2,2,2,2,6,3,5
S728,9,2,2,2,2,2,2,2,2,6,3,5
S729,9,2,2,2,2,2,2,2,2,6,3,5
S730,9,2,2,2,2,2,2,2,2,6,3,5
S731,9,2,2,2,2,2,2,2,2,6,3,5
S732,9,2,2,2,2,2,2,2,2,6,3,5
S733,10,2,2,2,2,3,1,1,1,3,1,3
S734,10,2,2,2,2,3,1,1,1,3,1,3
S735,10,2,2,2,2,3,1,1,1,3,1,3
S736,10,2,2,2,2,3,1,1,1,3,1,3
S737,10,2,2,2,2,3,1,1,1,3,1,3
S738,10,2,2,2,2,3,1,1,1,3,1,3
S739,10,2,2,2,2,3,1,1,1,3,1,3
S740,10,2,2,2,2,3,1,1,1,3,1,3
S741,10,2,2,2,2,3,1,1,1,3,1,3
S742,10,2,2,2,2,3,1,1,1,3,1,3
S743,10,2,2,2,2,3,1,1,1,3,1,3
S744,10,2,2,2,2,3,1,1,1,3,1,3
S745,10,2,2,2,2,3,1,1,1,3,1,3
S746,10,2,2,2,2,3,1,1,1,3,1,3
S747,10,2,2,2,2,3,1,1,1,3,1,3
S748,10,2,2,2,2,3,1,1,1,3,1,3
S749,10,2,2,2,2,3,1,1,1,3,1,3
S750,10,2,2,2,2,3,1,1,1,3,1,3
S751,10,2,2,2,2,3,1,1,1,3,1,3
S752,10,2,2,2,2,3,1,1,1,3,1,3
S753,10,2,2,2,2,3,1,1,1,3,1,3
S754,10,2,2,2,2,3,1,1,1,3,1,3
S755,10,2,2,2,2,3,1,1,1,3,1,3
S756,10,2,2,2,2,3,1,1,1,3,1,3
S757,10,2,2,2,2,3,1,1,1,3,1,3
S758,10,2,2,2,2,3,1,1,1,3,1,3
S759,10,2,2,2,2,3,1,1,1,3,1,3
S760,10,2,2,2,2,3,1,1,1,3,1,3
S761,10,2,2,2,2,3,1,1,1,3,1,3
S762,10,2,2,2,2,3,1,1,1,3,1,3
S763,10,2,2,2,2,3,1,1,1,3,1,3
S764,10,2,2,2,2,3,1,1,1,3,1,3
S765,10,2,2,2,2,3,1,1,1,3,1,3
S766,10,2,2,2,2,3,1,1,1,3,1,3
S767,10,2,2,2,2,3,1,1,1,3,1,3
S768,10,2,2,2,2,3,1,1,1,3,1,3
S769,10,2,2,2,2,3,1,1,1,3,1,3
S770,10,2,2,2,2,3,1,1,1,3,1,3
S771,10,2,2,2,2,3,1,1,1,3,1,3
S772,10,2,2,2,2,3,1,1,1,3,1,3
S773,10,2,2,2,2,3,1,1,1,3,1,3
S774,10,2,2,2,2,3,1,1,1,3,1,3
S775,10,2,2,2,2,3,1,1,1,3,1,3
S776,10,2,2,2,2,3,1,1,1,3,1,3
S777,10,2,2,2,2,3,1,1,1,3,1,3
S778,10,2,2,2,2,3,1,1,1,3,1,3
S779,10,2,2,2,2,3,1,1,1,3,1,3
S780,10,2,2,2,2,3,1,1,1,3,1,3
S781,10,2,2,2,2,3,1,1,1,3,1,3
S782,10,2,2,2,2,3,1,1,1,3,1,3
S783,10,2,2,2,2,3,1,1,1,3,1,3
S784,10,2,2,2,2,3,1,1,1,3,1,3
S785,10,2,2,2,2,3,1,1,1,3,1,3
S786,10,2,2,2,2,3,1,1,1,3,1,3
S787,10,2,2,2,2,3,1,1,1,3,1,3
S788,10,2,2,2,2,3,1,1,1,3,1,3
S789,10,2,2,2,2,3,1,1,1,3,1,3
S790,10,2,2,2,2,3,1,1,1,3,1,3
S791,10,2,2,2,2,3,1,1,1,3,1,3
S792,10,2,2,2,2,3,1,1,1,3,1,3
S793,10,2,2,2,2,3,1,1,1,3,1,3
S794,10,2,2,2,2,3,1,1,1,3,1,3
S795,11,2,2,2,2,4,1,1,1,6,4,3
S796,11,2,2,2,2,4,1,1,1,6,4,3
S797,11,2,2,2,2,4,1,1,1,6,4,3
S798,11,2,2,2,2,4,1,1,1,6,4,3
S799,11,2,2,2,2,4,1,1,1,6,4,3
S800,11,2,2,2,2,4,1,1,1,6,4,3
S801,11,2,2,2,2,4,1,1,1,6,4,3
S802,11,2,2,2,2,4,1,1,1,6,4,3
S803,11,2,2,2,2,4,1,1,1,6,4,3
S804,11,2,2,2,2,4,1,1,1,6,4,3
S805,11,2,2,2,2,4,1,1,1,6,4,3
S806,11,2,2,2,2,4,1,1,1,6,4,3
S807,11,2,2,2,2,4,1,1,1,6,4,3
S808,11,2,2,2,2,4,1,1,1,6,4,3
S809,11,2,2,2,2,4,1,1,1,6,4,3
S810,11,2,2,2,2,4,1,1,1,6,4,3
S811,11,2,2,2,2,4,1,1,1,6,4,3
S812,11,2,2,2,2,4,1,1,1,6,4,3
S813,11,2,2,2,2,4,1,1,1,6,4,3
S814,11,2,2,2,2,4,1,1,1,6,4,3
S815,11,2,2,2,2,4,1,1,1,6,4,3
S816,11,2,2,2,2,4,1,1,1,6,4,3
S817,11,2,2,2,2,4,1,1,1,6,4,3
S818,11,2,2,2,2,4,1,1,1,6,4,3
S819,11,2,2,2,2,4,1,1,1,6,4,3
S820,11,2,2,2,2,4,1,1,1,6,4,3
S821,11,2,2,2,2,4,1,1,1,6,4,3
S822,11,2,2,2,2,4,1,1,1,6,4,3
S823,11,2,2,2,2,4,1,1,1,6,4,3
S824,11,2,2,2,2,4,1,1,1,6,4,3
S825,11,2,2,2,2,4,1,1,1,6,4,3
S826,11,2,2,2,2,4,1,1,1,6,4,3
S827,11,2,2,2,2,4,1,1,1,6,4,3
S828,11,2,2,2,2,4,1,1,1,6,4,3
S829,11,2,2,2,2,4,1,1,1,6,4,3
S830,11,2,2,2,2,4,1,1,1,6,4,3
S831,11,2,2,2,2,4,1,1,1,6,4,3
S832,11,2,2,2,2,4,1,1,1,6,4,3
S833,11,2,2,2,2,4,1,1,1,6,4,3
S834,11,2,2,2,2,4,1,1,1,6,4,3
S835,11,2,2,2,2,4,1,1,1,6,4,3
S836,11,2,2,2,2,4,1,1,1,6,4,3
S837,11,2,2,2,2,4,1,1,1,6,4,3
S838,11,2,2,2,2,4,1,1,1,6,4,3
S839,11,2,2,2,2,4,1,1,1,6,4,3
S840,12,2,2,2,2,3,2,2,2,8,1,3
S841,12,2,2,2,2,3,2,2,2,8,1,3
S842,12,2,2,2,2,3,2,2,2,8,1,3
S843,12,2,2,2,2,3,2,2,2,8,1,3
S844,12,2,2,2,2,3,2,2,2,8,1,3
S845,12,2,2,2,2,3,2,2,2,8,1,3
S846,12,2,2,2,2,3,2,2,2,8,1,3
S847,12,2,2,2,2,3,2,2,2,8,1,3
S848,12,2,2,2,2,3,2,2,2,8,1,3
S849,12,2,2,2,2,3,2,2,2,8,1,3
S850,12,2,2,2,2,3,2,2,2,8,1,3
S851,12,2,2,2,2,3,2,2,2,8,1,3
S852,12,2,2,2,2,3,2,2,2,8,1,3
S853,12,2,2,2,2,3,2,2,2,8,1,3
S854,12,2,2,2,2,3,2,2,2,8,1,3
S855,12,2,2,2,2,3,2,2,2,8,1,3
S856,12,2,2,2,2,3,2,2,2,8,1,3
S857,12,2,2,2,2,3,2,2,2,8,1,3
S858,12,2,2,2,2,3,2,2,2,8,1,3
S859,12,2,2,2,2,3,2,2,2,8,1,3
S860,12,2,2,2,2,3,2,2,2,8,1,3
S861,12,2,2,2,2,3,2,2,2,8,1,3
S862,12,2,2,2,2,3,2,2,2,8,1,3
S863,12,2,2,2,2,3,2,2,2,8,1,3
S864,12,2,2,2,2,3,2,2,2,8,1,3
S865,12,2,2,2,2,3,2,2,2,8,1,3
S866,12,2,2,2,2,3,2,2,2,8,1,3
S867,12,2,2,2,2,3,2,2,2,8,1,3
S868,12,2,2,2,2,3,2,2,2,8,1,3
S869,12,2,2,2,2,3,2,2,2,8,1,3
S870,12,2,2,2,2,3,2,2,2,8,1,3
S871,12,2,2,2,2,3,2,2,2,8,1,3
S872,12,2,2,2,2,3,2,2,2,8,1,3
S873,12,2,2,2,2,3,2,2,2,8,1,3
S874,12,2,2,2,2,3,2,2,2,8,1,3
S875,12,2,2,2,2,3,2,2,2,8,1,3
S876,12,2,2,2,2,3,2,2,2,8,1,3
S877,12,2,2,2,2,3,2,2,2,8,1,3
S878,12,2,2,2,2,3,2,2,2,8,1,3
S879,12,2,2,2,2,3,2,2,2,8,1,3
S880,12,2,2,2,2,3,2,2,2,8,1,3
S881,12,2,2,2,2,3,2,2,2,8,1,3
S882,12,2,2,2,2,3,2,2,2,8,1,3
S883,12,2,2,2,2,3,2,2,2,8,1,3
S884,12,2,2,2,2,3,2,2,2,8,1,3
S885,13,2,2,2,2,4,2,2,2,9,1,3
S886,13,2,2,2,2,4,2,2,2,9,1,3
S887,13,2,2,2,2,4,2,2,2,9,1,3
S888,13,2,2,2,2,4,2,2,2,9,1,3
S889,13,2,2,2,2,4,2,2,2,9,1,3
S890,13,2,2,2,2,4,2,2,2,9,1,3
S891,13,2,2,2,2,4,2,2,2,9,1,3
S892,13,2,2,2,2,4,2,2,2,9,1,3
S893,13,2,2,2,2,4,2,2,2,9,1,3
S894,13,2,2,2,2,4,2,2,2,9,1,3
S895,13,2,2,2,2,4,2,2,2,9,1,3
S896,13,2,2,2,2,4,2,2,2,9,1,3
S897,13,2,2,2,2,4,2,2,2,9,1,3
S898,13,2,2,2,2,4,2,2,2,9,1,3
S899,13,2,2,2,2,4,2,2,2,9,1,3
S900,13,2,2,2,2,4,2,2,2,9,1,3
S901,13,2,2,2,2,4,2,2,2,9,1,3
S902,13,2,2,2,2,4,2,2,2,9,1,3
S903,13,2,2,2,2,4,2,2,2,9,1,3
S904,13,2,2,2,2,4,2,2,2,9,1,3
S905,13,2,2,2,2,4,2,2,2,9,1,3
S906,13,2,2,2,2,4,2,2,2,9,1,3
S907,13,2,2,2,2,4,2,2,2,9,1,3
S908,13,2,2,2,2,4,2,2,2,9,1,3
S909,13,2,2,2,2,4,2,2,2,9,1,3
S910,13,2,2,2,2,4,2,2,2,9,1,3
S911,13,2,2,2,2,4,2,2,2,9,1,3
S912,13,2,2,2,2,4,2,2,2,9,1,3
S913,13,2,2,2,2,4,2,2,2,9,1,3
S914,13,2,2,2,2,4,2,2,2,9,1,3
S915,13,2,2,2,2,4,2,2,2,9,1,3
S916,13,2,2,2,2,4,2,2,2,9,1,3
S917,13,2,2,2,2,4,2,2,2,9,1,3
S918,13,2,2,2,2,4,2,2,2,9,1,3
S919,13,2,2,2,2,4,2,2,2,9,1,3
S920,13,2,2,2,2,4,2,2,2,9,1,3
S921,13,2,2,2,2,4,2,2,2,9,1,3
S922,13,2,2,2,2,4,2,2,2,9,1,3
S923,13,2,2,2,2,4,2,2,2,9,1,3
S924,13,2,2,2,2,4,2,2,2,9,1,3
S925,13,2,2,2,2,4,2,2,2,9,1,3
S926,13,2,2,2,2,4,2,2,2,9,1,3
S927,13,2,2,2,2,4,2,2,2,9,1,3
S928,13,2,2,2,2,4,2,2,2,9,1,3
S929,13,2,2,2,2,4,2,2,2,9,1,3
S930,13,2,2,2,2,4,2,2,2,9,1,3
S931,13,2,2,2,2,4,2,2,2,9,1,3
S932,13,2,2,2,2,4,2,2,2,9,1,3
S933,13,2,2,2,2,4,2,2,2,9,1,3
S934,13,2,2,2,2,4,2,2,2,9,1,3
S935,13,2,2,2,2,4,2,2,2,9,1,3
S936,13,2,2,2,2,4,2,2,2,9,1,3
S937,13,2,2,2,2,4,2,2,2,9,1,3
S938,14,1,2,1,2,4,2,2,2,10,5,6
S939,14,1,2,1,2,4,2,2,2,10,5,6
S940,14,1,2,1,2,4,2,2,2,10,5,6
S941,14,1,2,1,2,4,2,2,2,10,5,6
S942,14,1,2,1,2,4,2,2,2,10,5,6
S943,14,1,2,1,2,4,2,2,2,10,5,6
S944,14,1,2,1,2,4,2,2,2,10,5,6
S945,14,1,2,1,2,4,2,2,2,10,5,6
S946,14,1,2,1,2,4,2,2,2,10,5,6
S947,14,1,2,1,2,4,2,2,2,10,5,6
S948,14,1,2,1,2,4,2,2,2,10,5,6
S949,14,1,2,1,2,4,2,2,2,10,5,6
S950,14,1,2,1,2,4,2,2,2,10,5,6
S951,14,1,2,1,2,4,2,2,2,10,5,6
S952,14,1,2,1,2,4,2,2,2,10,5,6
S953,14,1,2,1,2,4,2,2,2,10,5,6
S954,14,1,2,1,2,4,2,2,2,10,5,6
S955,14,1,2,1,2,4,2,2,2,10,5,6
S956,14,1,2,1,2,4,2,2,2,10,5,6
S957,14,1,2,1,2,4,2,2,2,10,5,6
S958,14,1,2,1,2,4,2,2,2,10,5,6
S959,14,1,2,1,2,4,2,2,2,10,5,6
S960,14,1,2,1,2,4,2,2,2,10,5,6
S961,14,1,2,1,2,4,2,2,2,10,5,6
S962,14,1,2,1,2,4,2,2,2,10,5,6
S963,14,1,2,1,2,4,2,2,2,10,5,6
S964,14,1,2,1,2,4,2,2,2,10,5,6
S965,14,1,2,1,2,4,2,2,2,10,5,6
S966,14,1,2,1,2,4,2,2,2,10,5,6
S967,14,1,2,1,2,4,2,2,2,10,5,6
S968,14,1,2,1,2,4,2,2,2,10,5,6
S969,14,1,2,1,2,4,2,2,2,10,5,6
S970,14,1,2,1,2,4,2,2,2,10,5,6
S971,14,1,2,1,2,4,2,2,2,10,5,6
S972,14,1,2,1,2,4,2,2,2,10,5,6
S973,14,1,2,1,2,4,2,2,2,10,5,6
S974,14,1,2,1,2,4,2,2,2,10,5,6
S975,14,1,2,1,2,4,2,2,2,10,5,6
S976,14,1,2,1,2,4,2,2,2,10,5,6
S977,14,1,2,1,2,4,2,2,2,10,5,6
S978,14,1,2,1,2,4,2,2,2,10,5,6
S979,14,1,2,1,2,4,2,2,2,10,5,6
S980,14,1,2,1,2,4,2,2,2,10,5,6
S981,14,1,2,1,2,4,2,2,2,10,5,6
S982,14,1,2,1,2,4,2,2,2,10,5,6
S983,14,1,2,1,2,4,2,2,2,10,5,6
S984,14,1,2,1,2,4,2,2,2,10,5,6
S985,14,1,2,1,2,4,2,2,2,10,5,6
S986,14,1,2,1,2,4,2,2,2,10,5,6
S987,14,1,2,1,2,4,2,2,2,10,5,6
S988,14,1,2,1,2,4,2,2,2,10,5,6
S989,14,1,2,1,2,4,2,2,2,10,5,6
S990,14,1,2,1,2,4,2,2,2,10,5,6
S991,14,1,2,1,2,4,2,2,2,10,5,6
S992,14,1,2,1,2,4,2,2,2,10,5,6
S993,14,1,2,1,2,4,2,2,2,10,5,6
S994,14,1,2,1,2,4,2,2,2,10,5,6
S995,14,1,2,1,2,4,2,2,2,10,5,6
S996,14,1,2,1,2,4,2,2,2,10,5,6
S997,14,1,2,1,2,4,2,2,2,10,5,6
S998,14,1,2,1,2,4,2,2,2,10,5,6
S999,14,1,2,1,2,4,2,2,2,10,5,6
S1000,14,1,2,1,2,4,2,2,2,10,5,6
S1001,14,1,2,1,2,4,2,2,2,10,5,6
S1002,14,1,2,1,2,4,2,2,2,10,5,6
S1003,14,1,2,1,2,4,2,2,2,10,5,6
S1004,14,1,2,1,2,4,2,2,2,10,5,6
S1005,14,1,2,1,2,4,2,2,2,10,5,6
S1006,14,1,2,1,2,4,2,2,2,10,5,6
S1007,14,1,2,1,2,4,2,2,2,10,5,6
S1008,14,1,2,1,2,4,2,2,2,10,5,6
S1009,14,1,2,1,2,4,2,2,2,10,5,6
S1010,14,1,2,1,2,4,2,2,2,10,5,6
S1011,14,1,2,1,2,4,2,2,2,10,5,6
S1012,14,1,2,1,2,4,2,2,2,10,5,6
S1013,14,1,2,1,2,4,2,2,2,10,5,6
S1014,14,1,2,1,2,4,2,2,2,10,5,6
S1015,14,1,2,1,2,4,2,2,2,10,5,6
S1016,14,1,2,1,2,4,2,2,2,10,5,6
S1017,14,1,2,1,2,4,2,2,2,10,5,6
S1018,14,1,2,1,2,4,2,2,2,10,5,6
S1019,14,1,2,1,2,4,2,2,2,10,5,6
S1020,14,1,2,1,2,4,2,2,2,10,5,6
S1021,14,1,2,1,2,4,2,2,2,10,5,6
S1022,14,1,2,1,2,4,2,2,2,10,5,6
S1023,14,1,2,1,2,4,2,2,2,10,5,6
S1024,14,1,2,1,2,4,2,2,2,10,5,6
S1025,14,1,2,1,2,4,2,2,2,10,5,6
S1026,14,1,2,1,2,4,2,2,2,10,5,6
S1027,14,1,2,1,2,4,2,2,2,10,5,6
S1028,14,1,2,1,2,4,2,2,2,10,5,6
S1029,14,1,2,1,2,4,2,2,2,10,5,6
S1030,14,1,2,1,2,4,2,2,2,10,5,6
S1031,14,1,2,1,2,4,2,2,2,10,5,6
S1032,14,1,2,1,2,4,2,2,2,10,5,6
S1033,14,1,2,1,2,4,2,2,2,10,5,6
S1034,14,1,2,1,2,4,2,2,2,10,5,6
S1035,14,1,2,1,2,4,2,2,2,10,5,6
S1036,14,1,2,1,2,4,2,2,2,10,5,6
S1037,14,1,2,1,2,4,2,2,2,10,5,6
S1038,14,1,2,1,2,4,2,2,2,10,5,6
S1039,14,1,2,1,2,4,2,2,2,10,5,6
S1040,14,1,2,1,2,4,2,2,2,10,5,6
S1041,14,1,2,1,2,4,2,2,2,10,5,6
S1042,14,1,2,1,2,4,2,2,2,10,5,6
S1043,15,1,1,1,1,1,1,1,1,11,6,7
S1044,15,1,1,1,1,1,1,1,1,11,6,7
S1045,15,1,1,1,1,1,1,1,1,11,6,7
S1046,15,1,1,1,1,1,1,1,1,11,6,7
S1047,15,1,1,1,1,1,1,1,1,11,6,7
S1048,15,1,1,1,1,1,1,1,1,11,6,7
S1049,15,1,1,1,1,1,1,1,1,11,6,7
S1050,15,1,1,1,1,1,1,1,1,11,6,7
S1051,15,1,1,1,1,1,1,1,1,11,6,7
S1052,15,1,1,1,1,1,1,1,1,11,6,7
S1053,15,1,1,1,1,1,1,1,1,11,6,7
S1054,15,1,1,1,1,1,1,1,1,11,6,7
S1055,15,1,1,1,1,1,1,1,1,11,6,7
S1056,15,1,1,1,1,1,1,1,1,11,6,7
S1057,15,1,1,1,1,1,1,1,1,11,6,7
S1058,15,1,1,1,1,1,1,1,1,11,6,7
S1059,15,1,1,1,1,1,1,1,1,11,6,7
S1060,15,1,1,1,1,1,1,1,1,11,6,7
S1061,15,1,1,1,1,1,1,1,1,11,6,7
S1062,15,1,1,1,1,1,1,1,1,11,6,7
S1063,15,1,1,1,1,1,1,1,1,11,6,7
S1064,15,1,1,1,1,1,1,1,1,11,6,7
S1065,15,1,1,1,1,1,1,1,1,11,6,7
S1066,15,1,1,1,1,1,1,1,1,11,6,7
S1067,15,1,1,1,1,1,1,1,1,11,6,7
S1068,15,1,1,1,1,1,1,1,1,11,6,7
S1069,15,1,1,1,1,1,1,1,1,11,6,7
S1070,15,1,1,1,1,1,1,1,1,11,6,7
S1071,15,1,1,1,1,1,1,1,1,11,6,7
S1072,15,1,1,1,1,1,1,1,1,11,6,7
S1073,15,1,1,1,1,1,1,1,1,11,6,7
S1074,15,1,1,1,1,1,1,1,1,11,6,7
S1075,15,1,1,1,1,1,1,1,1,11,6,7
S1076,15,1,1,1,1,1,1,1,1,11,6,7
S1077,15,1,1,1,1,1,1,1,1,11,6,7
S1078,15,1,1,1,1,1,1,1,1,11,6,7
S1079,15,1,1,1,1,1,1,1,1,11,6,7
S1080,15,1,1,1,1,1,1,1,1,11,6,7
S1081,15,1,1,1,1,1,1,1,1,11,6,7
S1082,15,1,1,1,1,1,1,1,1,11,6,7
S1083,15,1,1,1,1,1,1,1,1,11,6,7
S1084,15,1,1,1,1,1,1,1,1,11,6,7
S1085,15,1,1,1,1,1,1,1,1,11,6,7
S1086,15,1,1,1,1,1,1,1,1,11,6,7
S1087,15,1,1,1,1,1,1,1,1,11,6,7
S1088,15,1,1,1,1,1,1,1,1,11,6,7
S1089,15,1,1,1,1,1,1,1,1,11,6,7
S1090,15,1,1,1,1,1,1,1,1,11,6,7
S1091,15,1,1,1,1,1,1,1,1,11,6,7
S1092,15,1,1,1,1,1,1,1,1,11,6,7
S1093,15,1,1,1,1,1,1,1,1,11,6,7
S1094,15,1,1,1,1,1,1,1,1,11,6,7
S1095,15,1,1,1,1,1,1,1,1,11,6,7
S1096,15,1,1,1,1,1,1,1,1,11,6,7
S1097,15,1,1,1,1,1,1,1,1,11,6,7
S1098,16,1,1,1,1,1,1,1,1,12,1,1
S1099,16,1,1,1,1,1,1,1,1,12,1,1
S1100,16,1,1,1,1,1,1,1,1,12,1,1
S1101,16,1,1,1,1,1,1,1,1,12,1,1
S1102,16,1,1,1,1,1,1,1,1,12,1,1
S1103,16,1,1,1,1,1,1,1,1,12,1,1
S1104,16,1,1,1,1,1,1,1,1,12,1,1
S1105,16,1,1,1,1,1,1,1,1,12,1,1
S1106,16,1,1,1,1,1,1,1,1,12,1,1
S1107,16,1,1,1,1,1,1,1,1,12,1,1
S1108,16,1,1,1,1,1,1,1,1,12,1,1
S1109,16,1,1,1,1,1,1,1,1,12,1,1
S1110,16,1,1,1,1,1,1,1,1,12,1,1
S1111,16,1,1,1,1,1,1,1,1,12,1,1
S1112,16,1,1,1,1,1,1,1,1,12,1,1
S1113,16,1,1,1,1,1,1,1,1,12,1,1
S1114,16,1,1,1,1,1,1,1,1,12,1,1
S1115,16,1,1,1,1,1,1,1,1,12,1,1
S1116,16,1,1,1,1,1,1,1,1,12,1,1
S1117,16,1,1,1,1,1,1,1,1,12,1,1
S1118,16,1,1,1,1,1,1,1,1,12,1,1
S1119,16,1,1,1,1,1,1,1,1,12,1,1
S1120,16,1,1,1,1,1,1,1,1,12,1,1
S1121,16,1,1,1,1,1,1,1,1,12,1,1
S1122,16,1,1,1,1,1,1,1,1,12,1,1
S1123,16,1,1,1,1,1,1,1,1,12,1,1
S1124,16,1,1,1,1,1,1,1,1,12,1,1
S1125,16,1,1,1,1,1,1,1,1,12,1,1
S1126,16,1,1,1,1,1,1,1,1,12,1,1
S1127,16,1,1,1,1,1,1,1,1,12,1,1
S1128,16,1,1,1,1,1,1,1,1,12,1,1
S1129,16,1,1,1,1,1,1,1,1,12,1,1
S1130,16,1,1,1,1,1,1,1,1,12,1,1
S1131,16,1,1,1,1,1,1,1,1,12,1,1
S1132,16,1,1,1,1,1,1,1,1,12,1,1
S1133,16,1,1,1,1,1,1,1,1,12,1,1
S1134,16,1,1,1,1,1,1,1,1,12,1,1
S1135,16,1,1,1,1,1,1,1,1,12,1,1
S1136,16,1,1,1,1,1,1,1,1,12,1,1
S1137,16,1,1,1,1,1,1,1,1,12,1,1
S1138,16,1,1,1,1,1,1,1,1,12,1,1
S1139,16,1,1,1,1,1,1,1,1,12,1,1
S1140,16,1,1,1,1,1,1,1,1,12,1,1
S1141,16,1,1,1,1,1,1,1,1,12,1,1
S1142,16,1,1,1,1,1,1,1,1,12,1,1
S1143,16,1,1,1,1,1,1,1,1,12,1,1
S1144,16,1,1,1,1,1,1,1,1,12,1,1
S1145,16,1,1,1,1,1,1,1,1,12,1,1
S1146,16,1,1,1,1,1,1,1,1,12,1,1
S1147,16,1,1,1,1,1,1,1,1,12,1,1
S1148,16,1,1,1,1,1,1,1,1,12,1,1
S1149,16,1,1,1,1,1,1,1,1,12,1,1
S1150,16,1,1,1,1,1,1,1,1,12,1,1
S1151,16,1,1,1,1,1,1,1,1,12,1,1
S1152,16,1,1,1,1,1,1,1,1,12,1,1
S1153,16,1,1,1,1,1,1,1,1,12,1,1
S1154,16,1,1,1,1,1,1,1,1,12,1,1
S1155,16,1,1,1,1,1,1,1,1,12,1,1
S1156,16,1,1,1,1,1,1,1,1,12,1,1
S1157,16,1,1,1,1,1,1,1,1,12,1,1
S1158,16,1,1,1,1,1,1,1,1,12,1,1
S1159,16,1,1,1,1,1,1,1,1,12,1,1
S1160,16,1,1,1,1,1,1,1,1,12,1,1
S1161,16,1,1,1,1,1,1,1,1,12,1,1
S1162,16,1,1,1,1,1,1,1,1,12,1,1
